id,paquete,resultado,hora,texto_oido_por_stt,resultado_observado,evidencia_log,notas
CF-01,camino_feliz,,,,,,
CF-02,camino_feliz,,,,,,
CF-03,camino_feliz,,,,,,
CF-04,camino_feliz,,,,,,
CF-05,camino_feliz,,,,,,
CF-06,camino_feliz,,,,,,
CF-07,camino_feliz,,,,,,
CF-08,camino_feliz,,,,,,
CF-09,camino_feliz,,,,,,
CF-10,camino_feliz,,,,,,
CF-11,camino_feliz,,,,,,
CF-12,camino_feliz,,,,,,
CF-13,camino_feliz,,,,,,
CF-14,camino_feliz,,,,,,
CF-15,camino_feliz,,,,,,
CF-16,camino_feliz,,,,,,
CF-17,camino_feliz,,,,,,
CF-18,camino_feliz,,,,,,
CF-19,camino_feliz,,,,,,
CF-20,camino_feliz,,,,,,
CF-21,camino_feliz,,,,,,
CF-22,camino_feliz,,,,,,
CF-23,camino_feliz,,,,,,
CF-24,camino_feliz,,,,,,
CF-25,camino_feliz,,,,,,
CF-26,camino_feliz,,,,,,
CF-27,camino_feliz,,,,,,
CF-28,camino_feliz,,,,,,
CF-29,camino_feliz,,,,,,
CF-30,camino_feliz,,,,,,
ES-01,estres,,,,,,
ES-02,estres,,,,,,
ES-03,estres,,,,,,
ES-04,estres,,,,,,
ES-05,estres,,,,,,
ES-06,estres,,,,,,
ES-07,estres,,,,,,
ES-08,estres,,,,,,
ES-09,estres,,,,,,
ES-10,estres,,,,,,
ES-11,estres,,,,,,
ES-12,estres,,,,,,
ES-13,estres,,,,,,
ES-14,estres,,,,,,
ES-15,estres,,,,,,
ES-16,estres,,,,,,
ES-17,estres,,,,,,
ES-18,estres,,,,,,
ES-19,estres,,,,,,
ES-20,estres,,,,,,
ES-21,estres,,,,,,
ES-22,estres,,,,,,
ES-23,estres,,,,,,
ES-24,estres,,,,,,
ES-25,estres,,,,,,
ES-26,estres,,,,,,
ES-27,estres,,,,,,
ES-28,estres,,,,,,
ES-29,estres,,,,,,
ES-30,estres,,,,,,
ES-31,estres,,,,,,
ES-32,estres,,,,,,
ES-33,estres,,,,,,
ES-34,estres,,,,,,
ES-35,estres,,,,,,
ES-36,estres,,,,,,
ES-37,estres,,,,,,
ES-38,estres,,,,,,
ES-39,estres,,,,,,
ES-40,estres,,,,,,
ES-41,estres,,,,,,
ES-42,estres,,,,,,
ES-43,estres,,,,,,
ES-44,estres,,,,,,
ES-45,estres,,,,,,
ES-46,estres,,,,,,
ES-47,estres,,,,,,
ES-48,estres,,,,,,
ES-49,estres,,,,,,
ES-50,estres,,,,,,
